mtime_iso	mtime_epoch	size	md5	ruta_relativa
2025-05-31T16:25:11	1748701511	13	283fb0003241859481ed9ecefad9466e	saves/.stfolder.removed-20250708-230136/DO_NOT_DELETE.txt
2025-07-08T23:10:19	1752009019	122	55b0a51a95517c1cec9ab9e37daabe6f	saves/.stfolder/syncthing-folder-a7e004.txt
2025-07-08T23:25:44	1752009944	139264	1e074aee07d600d47dbb52bb7bfe61f4	saves/.stversions/VBA Next/Sonic Advance 2 [E].srm
2025-07-08T23:21:43	1752009703	131072	f7d8aa22c74cbb84fc44315d9da51639	saves/.stversions/mGBA/Metroid - Zero Mission [E].srm
2022-03-15T18:14:14	1647364454	32768	1cbfff7f1d125240c87177dea341bf7d	saves/0775 - Kirby - Nightmare in Dreamland (U)(Mode7).srm
2025-07-08T23:45:57	1752011157	122	f3ee6fdcb2029503216b3dcf6874b1c4	saves/Beetle PSX/.stfolder/syncthing-folder-ac76aa.txt
2025-07-09T00:40:03	1752014403	131072	36c002e515d5468e5116e0e5c54d27b9	saves/Beetle PSX/Crash Bash [SCUS-94570].0.mcr
2025-07-09T00:36:56	1752014216	131072	4899f80c65657f78035d962bfb5b3ef4	saves/Beetle PSX/Crash Bash [SCUS-94570].1.mcr
2025-07-09T00:38:53	1752014333	131072	36c002e515d5468e5116e0e5c54d27b9	saves/Beetle PSX/Crash Bash [SCUS-94570].srm
2025-06-06T01:09:36	1749164976	16	4ae71336e44bf9bf79d2752e234818a5	saves/Citra/Citra/nand/data/00000000000000000000000000000000/extdata/00048000/F000000B/metadata
2025-06-06T01:12:23	1749165143	310560	6b2782bca7ee2873adc590f978264436	saves/Citra/Citra/nand/data/00000000000000000000000000000000/extdata/00048000/F000000B/user/CFL_DB.dat
2025-06-07T15:47:42	1749304062	20	887f31c18d6dc17647d09b007148106e	saves/Citra/Citra/nand/data/00000000000000000000000000000000/extdata/00048000/F000000B/user/gamecoin.dat
2025-06-06T01:09:36	1749164976	32768	70778a082c56a749108e2f7499e20365	saves/Citra/Citra/nand/data/00000000000000000000000000000000/sysdata/00010017/00000000/config
2025-06-06T01:12:25	1749165145	396	79249365c968ea680c506e9c8bb31cfb	saves/Citra/Citra/nand/data/00000000000000000000000000000000/sysdata/00010026/00000000/CEC/MBoxList____
2025-06-06T01:09:36	1749164976	200020	274775c355c422c3731e31f9a17243ff	saves/Citra/Citra/nand/data/00000000000000000000000000000000/sysdata/00010026/00000000/eventlog.dat
2025-06-06T01:09:45	1749164985	16	d4587166fe610601e20fe0a3fa481262	saves/Citra/Citra/sdmc/Nintendo 3DS/00000000000000000000000000000000/00000000000000000000000000000000/title/00040000/00100600/data/00000001.metadata
2025-06-06T01:09:45	1749164985	848	410d17170e538dce0672439e6bf696b8	saves/Citra/Citra/sdmc/Nintendo 3DS/00000000000000000000000000000000/00000000000000000000000000000000/title/00040000/00100600/data/00000001/head.vs1
2025-06-06T01:12:25	1749165145	16	ee5cabda7c7059bbb9dfa9cfc23ffedf	saves/Citra/Citra/sdmc/Nintendo 3DS/00000000000000000000000000000000/00000000000000000000000000000000/title/00040000/0010c000/data/00000001.metadata
2025-06-06T01:12:25	1749165145	14560	9979daff97df3d14020fc98719d0184e	saves/Citra/Citra/sdmc/Nintendo 3DS/00000000000000000000000000000000/00000000000000000000000000000000/title/00040000/0010c000/data/00000001/savedata.dat
2025-06-06T01:11:46	1749165106	16	2aad0a12c35a6ef10b631b19e9afb8fd	saves/Citra/Citra/sdmc/Nintendo 3DS/00000000000000000000000000000000/00000000000000000000000000000000/title/00040000/001a5600/data/00000001.metadata
2025-06-06T01:12:01	1749165121	4532	e10954a6d51956033ccbd880950cdb54	saves/Citra/Citra/sdmc/Nintendo 3DS/00000000000000000000000000000000/00000000000000000000000000000000/title/00040000/001a5600/data/00000001/gv_save.bin
2025-06-06T01:12:01	1749165121	184	432c2fbd9fd5fd105bda2c2b260ab99f	saves/Citra/Citra/sdmc/Nintendo 3DS/00000000000000000000000000000000/00000000000000000000000000000000/title/00040000/001a5600/data/00000001/gv_sys_save.bin
2025-05-20T01:30:55	1747697455	8192	9b0ff6ceba595b37fe50bf934b2662b5	saves/Earthbound (1).srm
2026-07-25T01:22:36	1784935356	256	348a9791dc41b89796ec3808b5b5262f	saves/FCEUmm/Dragon Ball Z II - Gekishin Freeza!! (Japan) (Rev 1).srm
2025-05-21T00:43:49	1747781029	8192	494a31ba95d403d0011676fc8afe775c	saves/FCEUmm/Earthbound Zero (Ingles).srm
2026-08-14T02:07:42	1786666062	65536	77958f375e814c7482ee5e80f788ceeb	saves/Genesis Plus GX Wide/Sonic & Knuckles + Sonic The Hedgehog 3 (USA) (Lock-on Combination).srm
2025-06-29T13:50:36	1751197836	8650752	3212c5ca11d2226178a75c4583f2af1a	saves/LRPS2/Mcd001.ps2
2025-06-29T13:50:36	1751197836	8650752	8f72eca77967b293190cb3d558e027e2	saves/LRPS2/Mcd002.ps2
2025-06-01T17:48:31	1748792911	51	e6b57a0f0ecc1061ee7c63b93f2f59cb	saves/PPSSPP/PSP/SAVEDATA/steam_autocloud.vdf
2025-06-01T17:48:31	1748792911	51	e6b57a0f0ecc1061ee7c63b93f2f59cb	saves/PSP/SAVEDATA/steam_autocloud.vdf
2025-05-20T01:39:02	1747697942	8192	9b0ff6ceba595b37fe50bf934b2662b5	saves/Snes9x 2005 Plus/Earthbound (1).srm
2025-05-20T01:37:08	1747697828	8192	9b0ff6ceba595b37fe50bf934b2662b5	saves/Snes9x 2010/Earthbound (1).srm
2025-07-24T01:23:06	1753312986	8192	09d9578057859a1b8eccd4fe19f1344d	saves/Snes9x/Earthbound (1).srm
2026-03-22T22:29:59	1774214999	8192	dce27edb434d238613f928daa5c50632	saves/Unknown/Kid Dracula (World) (Castlevania Anniversary Collection).sav
2026-03-25T11:36:34	1774434994	128	787de9329d8557107b916b3c892e727f	saves/Unknown/avengrgs.nv
2026-03-25T11:36:38	1774434998	128	acf7a8a6a564dd538add95a4c2a908f4	saves/Unknown/blswhstl.nv
2026-03-25T11:36:40	1774435000	128	73796662e1667cff9454d652cf16bf16	saves/Unknown/bucky.nv
2026-03-25T11:36:43	1774435003	2048	1bbdf01e8be20189570989cbf41a3f2b	saves/Unknown/champbwl.nv
2026-03-25T11:36:47	1774435007	128	e2e15f185e7baeae4737fe6c57ecd93a	saves/Unknown/critcrsh.nv
2026-03-25T11:36:48	1774435008	128	01e8139209740999aeedd6f803611f12	saves/Unknown/crzcross.nv
2026-03-25T11:36:49	1774435009	8192	3ab0e7f689e2f1eceda714f0f08135a6	saves/Unknown/cybrcycc_defaults.nv
2026-03-25T11:36:59	1774435019	128	a517f706779daae1e94ee01bec227d4f	saves/Unknown/dragoona.nv
2026-03-25T11:37:03	1774435023	128	53d09ab486f57973f68c890042905b05	saves/Unknown/fantjour.nv
2026-03-25T11:37:04	1774435024	128	a9b2be60c4dae0c61d6614d3836496d0	saves/Unknown/fhboxers.nv
2026-03-25T11:37:07	1774435027	8192	7adca0eee3544e4967db67d0cb6dd047	saves/Unknown/finalapr.nv
2026-03-25T11:37:08	1774435028	256	8bf635f6f5d32a47af1997d059e0641c	saves/Unknown/foodf.nv
2026-03-25T11:37:11	1774435031	128	7a50d9f364b59aaa8f6b5b4b13198d06	saves/Unknown/gaiapols.nv
2026-03-25T11:37:16	1774435036	8192	265908e8f5d36d9858391f07b15e4252	saves/Unknown/gollygho.nv
2026-03-25T11:37:18	1774435038	8192	ec3f815a470dfb23a72088d9de3e21c1	saves/Unknown/gstream.nv
2026-03-25T11:37:21	1774435041	256	d24af2b52eb75415b89f1f020306e169	saves/Unknown/hangplt.nv
2026-03-25T11:37:22	1774435042	128	e08880136b4a7b5f77f7b46401116b53	saves/Unknown/hoops.nv
2026-03-25T11:37:35	1774435055	128	ae49b275d000e072f98f7c462a8b8133	saves/Unknown/le2.nv
2026-03-25T11:37:37	1774435057	128	c436c92df1866269895f46d1e5e3563b	saves/Unknown/lethalenue.nv
2026-03-25T11:37:38	1774435058	8192	4785918f31d61b739aff11e5717171b7	saves/Unknown/luckywld.nv
2026-03-25T11:37:44	1774435064	128	f9d65734ff0a5707e98b33c321fccf26	saves/Unknown/micrombc.nv
2026-03-25T11:37:45	1774435065	128	e4865147d449b550fdec5e85804d8a1a	saves/Unknown/mmaulers.nv
2026-03-25T11:37:45	1774435065	128	19c7001b87ae13424a74902c70eb9e01	saves/Unknown/moomesa.nv
2026-03-25T11:37:48	1774435068	128	702849329f23c68fa0b5686c4d122b97	saves/Unknown/mtlchamp.nv
2026-03-25T11:37:59	1774435079	128	451b1ac977509ef1b144f1142f6350d7	saves/Unknown/plygonet.nv
2026-03-25T11:38:07	1774435087	128	4d5c5c9af2cdd458cab3fa1e954dceb1	saves/Unknown/polynetw.nv
2026-03-25T11:38:07	1774435087	128	c80b27b0fef7899616d63c20783c4629	saves/Unknown/prmrsocr_eab.nv
2026-03-25T11:38:13	1774435093	128	26d1116ee95a875bc13ced89c4bcb4fb	saves/Unknown/rabbit.nv
2026-03-25T11:38:15	1774435095	4096	73903b57ed369abe4235c8d566b19589	saves/Unknown/revngr84.nv
2026-03-25T11:38:18	1774435098	32768	608a9a6f2459a0e3fd8c663253742b89	saves/Unknown/rotr.nv
2026-03-25T11:38:20	1774435100	128	e413d454fde48fdec086f2b737966d4e	saves/Unknown/sailormn_europe.nv
2026-03-25T11:38:21	1774435101	128	50becb306e02b9b914247254c5b48821	saves/Unknown/salmndr2.nv
2026-03-25T11:38:22	1774435102	128	42e23e22fdd2f265a2705bf3caf69dae	saves/Unknown/seabass.nv
2026-03-25T11:38:28	1774435108	128	7e05a57601baab7569dad484d4d7818e	saves/Unknown/simpsons.12c.nv
2026-03-25T11:38:29	1774435109	128	7605c13b714413afa0bc7807754b2263	saves/Unknown/soccerss.nv
2026-03-25T11:38:32	1774435112	8192	2ce678b68020d2837db42567388370fd	saves/Unknown/speedrcr.nv
2026-03-25T11:38:33	1774435113	128	ab48f9f41fbc8d03e16db913a64ee315	saves/Unknown/sss.nv
2026-03-25T11:38:39	1774435119	128	5024e50c8235fc6da58f7adc3b9725a9	saves/Unknown/tbyahhoo.nv
2026-03-25T11:38:42	1774435122	256	9b96866fb3f5581548be9ec9f8b1fb13	saves/Unknown/tgm2.default.nv
2026-03-25T11:38:42	1774435122	128	bbde81edcedb811223c3a39703bf1b46	saves/Unknown/thndrx2.nv
2026-03-25T11:38:44	1774435124	128	e1e507ea3b03c08e5f385533c0f15f72	saves/Unknown/tkmmpzdm.nv
2026-03-25T11:38:45	1774435125	128	def6100965bf401273d686080d955477	saves/Unknown/tokkae.nv
2026-03-25T11:38:45	1774435125	8192	e84f6a0ad1bc545d6783d89587337515	saves/Unknown/tokyowar_defaults.nv
2026-08-14T02:21:17	1786666877	5201	bdcd32a5509cb0c0c7872f1e09fa7d01	saves/User/Cache/GLMP01.uidcache
2026-08-14T02:21:17	1786666877	48	ee9cfe00f180708ec849172f55cd5b28	saves/User/Cache/Shaders/OpenGL-gs-1ECE40.cache
2026-08-14T02:21:17	1786666877	48	6229b7362084c17802f177fd32d18a19	saves/User/Cache/Shaders/OpenGL-specialized-ps-GLMP01-1ECE40.cache
2026-08-14T02:21:17	1786666877	48	5ec80a073b91c82a992b264f2097004d	saves/User/Cache/Shaders/OpenGL-specialized-vs-GLMP01-1ECE40.cache
2026-08-14T02:21:17	1786666877	48	ee9cfe00f180708ec849172f55cd5b28	saves/User/Cache/Shaders/OpenGL-uber-ps-1ECE40.cache
2026-08-14T02:21:17	1786666877	48	ee9cfe00f180708ec849172f55cd5b28	saves/User/Cache/Shaders/OpenGL-uber-vs-1ECE40.cache
2026-08-14T02:21:17	1786666877	0	d41d8cd98f00b204e9800998ecf8427e	saves/User/Config/Debugger.ini
2026-08-14T02:21:17	1786666877	3134	f6380b9a94023f997d1b19525673675a	saves/User/Config/Dolphin.ini
2026-08-14T02:21:17	1786666877	0	d41d8cd98f00b204e9800998ecf8427e	saves/User/Config/GCKeyNew.ini
2026-08-14T02:21:17	1786666877	2684	b67afabc3e61e451cf310ee4404727e4	saves/User/Config/GCPadNew.ini
2026-08-14T02:21:17	1786666877	412	ef31f601d903067d7dd9a7da90570226	saves/User/Config/GFX.ini
2026-08-14T02:21:17	1786666877	791	c90d061367620ff6fa118ef9a97bd469	saves/User/Config/Logger.ini
2026-08-14T02:21:17	1786666877	0	d41d8cd98f00b204e9800998ecf8427e	saves/User/Config/WiimoteNew.ini
2025-06-01T17:48:31	1748792911	51	e6b57a0f0ecc1061ee7c63b93f2f59cb	saves/User/GC/EUR/Card A/steam_autocloud.vdf
2025-06-01T17:48:31	1748792911	51	e6b57a0f0ecc1061ee7c63b93f2f59cb	saves/User/GC/EUR/Card B/steam_autocloud.vdf
2025-06-01T17:48:31	1748792911	51	e6b57a0f0ecc1061ee7c63b93f2f59cb	saves/User/GC/JAP/Card A/steam_autocloud.vdf
2025-06-01T17:48:31	1748792911	51	e6b57a0f0ecc1061ee7c63b93f2f59cb	saves/User/GC/JAP/Card B/steam_autocloud.vdf
2026-08-14T02:21:17	1786666877	64	27e04bc753876fc8f5e2927a4cba9337	saves/User/GC/SRAM.raw
2025-06-01T17:48:31	1748792911	51	e6b57a0f0ecc1061ee7c63b93f2f59cb	saves/User/GC/USA/Card A/steam_autocloud.vdf
2025-06-01T17:48:31	1748792911	51	e6b57a0f0ecc1061ee7c63b93f2f59cb	saves/User/GC/USA/Card B/steam_autocloud.vdf
2026-08-14T02:21:10	1786666870	0	d41d8cd98f00b204e9800998ecf8427e	saves/User/Logs/dolphin.log
2026-08-14T02:21:17	1786666877	16384	9b284beef9b7e5efc9a8f27dcf57f068	saves/User/Wii/shared2/sys/SYSCONF
2026-08-15T21:07:40	1786820860	139264	e6da1d58b85b1187df233928827a6d0a	saves/VBA Next/Advance Wars 2 - Black Hole Rising (USA).srm
2026-08-15T21:10:44	1786821044	139264	0e630f92bcb4bb96bcf0e1618306fcfa	saves/VBA Next/Beyblade V-Force - Ultimate Blader Jam (Europe) (En,Fr,De,Es,It).srm
2026-08-16T00:58:28	1786834708	139264	9a2af7fec2a6dab637af572e8d368873	saves/VBA Next/Car Battler Joe (USA).srm
2026-08-16T13:41:29	1786880489	139264	b03f77171285873e8965f26bd9b84259	saves/VBA Next/Castlevania - Aria of Sorrow (Europe) (En,Fr,De) (Castlevania Advance Collection).srm
2025-08-04T01:09:58	1754262598	139264	7d2ab23c0d9c166f88b93511c16baef8	saves/VBA Next/Castlevania - Harmony Of Dissonance [E].srm
2026-04-03T01:27:29	1775172449	139264	9ea5da689b31dda6507b854537a3d7d4	saves/VBA Next/Castlevania - Harmony of Dissonance (Europe).srm
2025-08-04T01:01:49	1754262109	139264	3efb229675c6467fc3d0dd1c7dc3c8e8	saves/VBA Next/Castlevania Aria of Sorrow [E].srm
2026-08-15T20:28:09	1786818489	139264	93daefd0272ef9dedd1ff3c16b8148e2	saves/VBA Next/Digimon Racing (Europe) (En,Fr,De,Es,It).srm
2026-08-15T20:41:55	1786819315	139264	f5ff87fffc092acafeebd3bd88a50199	saves/VBA Next/Donkey Kong Country (Europe) (En,Fr,De,Es,It).srm
2026-07-25T02:09:51	1784938191	139264	ca742b060ac063b3d31d199a75c71792	saves/VBA Next/Dragon Ball Z - Supersonic Warriors (Europe) (En,Fr,De,Es,It).srm
2026-07-25T02:10:05	1784938205	139264	afefe025db90071d6ec7296a3358da6f	saves/VBA Next/Dragon Ball Z - The Legacy of Goku II (Europe) (En,Fr,De,Es,It).srm
2026-08-14T01:08:18	1786662498	139264	afefe025db90071d6ec7296a3358da6f	saves/VBA Next/Golden Sun (Spain).srm
2026-04-29T20:03:13	1777485793	139264	4f1180869db778644a988f5b9a23567a	saves/VBA Next/Gunstar Future Heroes (Europe) (En,Ja,Fr,De,Es,It).srm
2026-08-15T15:02:50	1786798970	139264	4261456071c06d13137403aad995117c	saves/VBA Next/Harry Potter IV - El Caliz del Fuego [E].srm
2026-08-20T01:41:12	1787182872	139264	3da4db6bc5fb69aec80b783e7c2cd8c7	saves/VBA Next/Harry Potter and the Prisoner of Azkaban (USA, Europe) (En,Fr,De,Es,It,Nl,Da).srm
2026-07-25T02:09:14	1784938154	139264	6b238174e794a0fc6379fbcb282636ee	saves/VBA Next/Kirby & The Amazing Mirror (Europe) (En,Fr,De,Es,It).srm
2025-10-09T01:20:20	1759965620	139264	767d7bb34381d0dd983acc695c4205fa	saves/VBA Next/Kirby & The Amazing Mirror [E].srm
2026-08-20T01:31:29	1787182289	139264	227ccbe8bd98a438587e92fd6f2b8599	saves/VBA Next/Kirby - Nightmare in Dream Land (USA).srm
2025-08-03T17:01:21	1754233281	139264	9ae257a1b1f6677fca159949f037311c	saves/VBA Next/Legend of Zelda, The - A Link to the Past & Four Swords (Europe) (En,Fr,De,Es,It).srm
2026-04-06T00:00:58	1775426458	139264	c15608f69b3aab749cb97871c9d9401c	saves/VBA Next/Legend of Zelda, The - The Minish Cap (Europe) (En,Fr,De,Es,It).srm
2025-05-31T23:52:08	1748728328	139264	afefe025db90071d6ec7296a3358da6f	saves/VBA Next/Megaman Zero 1 [E].srm
2025-06-29T14:49:34	1751201374	139264	ab744ab11fddc6e1bc7bd1779aec2d42	saves/VBA Next/Metroid - Zero Mission [E].srm
2026-08-15T15:01:02	1786798862	139264	65bac772913b54b96ac2328f6df12423	saves/VBA Next/Motocross Maniacs Advance (USA) (En,Es).srm
2026-08-13T00:45:44	1786574744	139264	d95d70fda5f99f2ac18d44082edd13e8	saves/VBA Next/Ninja Five-O (USA).srm
2026-08-14T01:24:00	1786663440	139264	4d2a79ddf404122b41812e72f04631a0	saves/VBA Next/Oriental Blue - Ao no Tengai (Japan).srm
2026-08-15T14:59:13	1786798753	139264	d6537e0e35048a2eda5a3416631300a1	saves/VBA Next/Pinball of the Dead, The (USA).srm
2026-08-05T01:41:55	1785886915	139264	10ef457513a0b95716258f521d3f3b38	saves/VBA Next/Pokemon - Edicion Esmeralda (Spain).srm
2026-07-25T02:04:49	1784937889	139264	afefe025db90071d6ec7296a3358da6f	saves/VBA Next/Pokemon - Edicion Roja (Spain) (SGB Enhanced).srm
2026-07-25T02:04:16	1784937856	139264	afefe025db90071d6ec7296a3358da6f	saves/VBA Next/Pokemon - Edicion Rojo Fuego.srm
2026-07-25T02:05:12	1784937912	139264	afefe025db90071d6ec7296a3358da6f	saves/VBA Next/Pokemon - Edicion Verde Hoja (Spain).srm
2026-08-23T01:37:53	1787441873	139264	c036e78a832ef84bd2568b7cdecf9207	saves/VBA Next/Pokemon - FireRed Version (USA, Europe) (Rev 1).srm
2026-07-25T02:08:45	1784938125	139264	296d57313f25b6cac07c49c66934f5f2	saves/VBA Next/Pokemon Pinball - Ruby & Sapphire (Europe) (En,Fr,De,Es,It).srm
2026-08-20T01:27:25	1787182045	139264	250c6c3cf758405b54928bf803e1982f	saves/VBA Next/Pokemon Pinball - Ruby & Sapphire (Japan) (Rev 1).srm
2025-07-25T01:12:46	1753398766	139264	b7f6aeeb19d06a78c1c9d007d0c31a15	saves/VBA Next/Pokemon Pinball RZ [E].srm
2025-06-07T22:04:05	1749326645	139264	afefe025db90071d6ec7296a3358da6f	saves/VBA Next/Pokemon Rojo [E][GB].srm
2025-07-08T23:22:03	1752009723	139264	9917037dc9bfcaa8a3b0adc0bf325959	saves/VBA Next/Pokémon Rojo fuego [E].srm
2025-06-10T00:51:33	1749509493	139264	afefe025db90071d6ec7296a3358da6f	saves/VBA Next/Pokémon Verde hoja [E].srm
2025-05-21T00:34:10	1747780450	139264	afefe025db90071d6ec7296a3358da6f	saves/VBA Next/Pokémon Zafiro [E].srm
2026-08-20T01:35:55	1787182555	139264	0c23c1fc6a559ef3a02d3261bdeea598	saves/VBA Next/Prince of Persia - The Sands of Time (USA) (En,Fr,Es).srm
2026-08-15T23:35:35	1786829735	139264	afefe025db90071d6ec7296a3358da6f	saves/VBA Next/Silent Scope (Europe) (En,Fr,De,Es,It).srm
2026-08-15T23:35:49	1786829749	139264	1c48368461195a12e2b82c8acecd0d0b	saves/VBA Next/Silent Scope (USA) (En,Fr,De,Es,It).srm
2026-08-15T23:34:07	1786829647	139264	20036fc16ec01c487b40346d712eb06d	saves/VBA Next/Sonic Advance (Japan) (En,Ja) (Rev 1) (Virtual Console).srm
2025-07-08T23:25:30	1752009930	139264	d9754f004596803fda117e5c57699afc	saves/VBA Next/Sonic Advance 2 [E].srm
2025-06-03T01:32:25	1748907145	139264	73ce6703d9eb836c8a04c5bd14299f8d	saves/VBA Next/Sonic Battle [E].srm
2026-08-15T23:36:33	1786829793	139264	e3c8fc1bfbed475a66d7c219fa11c013	saves/VBA Next/Super Mario Advance (USA, Europe).srm
2025-06-29T15:02:04	1751202124	139264	9d586e6242ed3b3aa2d5537575630f32	saves/VBA Next/Super Mario Advance 3 - Yoshi's Island [E].srm
2026-08-20T01:39:15	1787182755	139264	4d9e75d842ebb37355f06d309a2c35ad	saves/VBA Next/Super Monkey Ball Jr. (Europe) (En,Fr,De,Es,It).srm
2025-06-05T21:09:39	1749150579	139264	7b7a8507a098205dd7826d9e9e88c32b	saves/VBA Next/Yoshi's Universal Gravitation [E].srm
2025-06-05T21:08:10	1749150490	139264	afefe025db90071d6ec7296a3358da6f	saves/VBA Next/Yu-Gi-Oh! - Ultimate Masters Edition [E].srm
2026-04-29T19:38:25	1777484305	139264	3493ce5faa704bd1ffe0a3fa33bb26dd	saves/VBA Next/Zelda - A Link To The Past [E].srm
2025-05-20T01:30:49	1747697449	8192	9b0ff6ceba595b37fe50bf934b2662b5	saves/bsnes2014/Earthbound (1).srm
2019-04-11T10:49:52	1554972592	128	a11ca067c79d68d81ad09cbf544ca574	saves/cps1/punisher.nv
2019-04-11T10:43:24	1554972204	128	f5d7c18593771a10d34b8da83f23da41	saves/cps1/wofch.nv
2017-09-29T05:22:34	1506655354	128	856954cedc2ea4f8184b837a815bba03	saves/cps2/1944.nv
2024-09-01T22:00:54	1725220854	6659151	b54aa642cc0f3225c8ffe90e69b9ef74	saves/dreamcast/Dead or Alive 2 (Europe).state1
2024-09-01T22:04:26	1725221066	6371034	d5f84d6bf6ef75f5756dc6e1503504f2	saves/dreamcast/Marvel Vs Capcom 2 (USA).state1
2024-09-01T22:00:54	1725220854	6659151	b54aa642cc0f3225c8ffe90e69b9ef74	saves/dreamcast/states/Dead or Alive 2 (Europe).state1
2024-09-01T22:00:54	1725220854	6659151	b54aa642cc0f3225c8ffe90e69b9ef74	saves/dreamcast/states/Dead or Alive 2 (USA)[RDC].state1
2024-09-01T22:04:26	1725221066	6371034	d5f84d6bf6ef75f5756dc6e1503504f2	saves/dreamcast/states/Marvel Vs Capcom 2 (USA).state1
2025-06-01T17:48:31	1748792911	51	e6b57a0f0ecc1061ee7c63b93f2f59cb	saves/fbneo/steam_autocloud.vdf
2022-09-22T15:50:25	1663854625	24640	8f62071f87af0ee5ec95ea159add47d0	saves/gamecube/EUR/Card A/01-G2MP-MetroidPrime2.gci
2022-07-22T13:24:04	1658489044	24640	bed77433aae4d18f973393537e829e21	saves/gamecube/EUR/Card A/01-GM8P-MetroidPrime.gci
2022-01-05T02:18:04	1641345484	98368	c7dfb6ed489307694f08b2fef3c71936	saves/gamecube/EUR/Card A/01-GZLP-gczelda.gci
2025-01-06T21:30:07	1736195407	16448	e036ed88cf0a28dc19e0f735dd600ccc	saves/gamecube/USA/Card A/8P-GUPE-SHADOWTHEHEDGEHOG.gci
2019-04-11T12:37:16	1554979036	8192	84d04c9d6cc8ef35bf825d51a5277699	saves/gamegear/5 in 1 Funpak (USA).srm
2019-04-11T12:37:16	1554979036	8192	84d04c9d6cc8ef35bf825d51a5277699	saves/gamegear/5 in One FunPak (USA).srm
2019-04-11T12:21:04	1554978064	8192	84d04c9d6cc8ef35bf825d51a5277699	saves/gamegear/Aerial Assault (World).srm
2019-04-11T10:38:26	1554971906	8192	84d04c9d6cc8ef35bf825d51a5277699	saves/gamegear/Alien 3 (USA, Europe).srm
2019-04-11T12:21:38	1554978098	8192	84d04c9d6cc8ef35bf825d51a5277699	saves/gamegear/Andre Agassi Tennis (USA).srm
1996-12-24T23:32:00	851466720	8192	dce27edb434d238613f928daa5c50632	saves/gb/Kid Dracula (USA, Europe).sav
2025-03-09T01:29:36	1741480176	65536	ecb99e6ffea7be1e5419350f725da86b	saves/gba/Advance Wars 2 [E].sav
2025-03-09T01:29:34	1741480174	903	087a760c92bb453ff2037e0f136570ec	saves/gba/Advance Wars 2 [E]a.sgm
2014-09-09T18:41:56	1410280916	8192	0829f71740aab1ab98b33eae21dee122	saves/gba/Banjo Kazooie - Grunty's Revenge [E].sav
2014-11-21T23:53:43	1416610423	512	00c168447969ab59d5c956c4b5cf34e4	saves/gba/Banjo Pilot [E].sav
2014-09-09T18:41:56	1410280916	8192	0829f71740aab1ab98b33eae21dee122	saves/gba/Banjo-Kazooie - La Venganza de Grunty (Spain).sav
2014-11-21T23:53:44	1416610424	512	00c168447969ab59d5c956c4b5cf34e4	saves/gba/Banjo-Pilot (Europe) (En,Fr,De,Es,It).sav
2025-03-09T02:02:28	1741482148	8192	84e3fcf5b882d4e289633f18df1c79d8	saves/gba/Beyblade G-Revolution (USA).sav
2025-03-09T02:02:28	1741482148	8192	84e3fcf5b882d4e289633f18df1c79d8	saves/gba/Beyblade G-Revolution [E].sav
2025-03-09T02:02:28	1741482148	41487	0ba9f3995def32cf7e6063397711613e	saves/gba/Beyblade G-Revolution [E]a.sgm
2025-03-09T01:33:39	1741480419	512	de03fe65a6765caa8c91343acc62cffc	saves/gba/Bruce Lee - Return Of The Legend [E].sav
2025-03-09T01:33:39	1741480419	23744	f2a9442942b0f92cd37b74b1cdfbe784	saves/gba/Bruce Lee - Return Of The Legend [E]a.sgm
2025-03-09T01:33:40	1741480420	512	de03fe65a6765caa8c91343acc62cffc	saves/gba/Bruce Lee - Return of the Legend (Europe) (En,Fr,De,Es,It).sav
2025-03-09T01:40:21	1741480821	32768	dda3f0717dc658cd26f6879d9379a21a	saves/gba/Castlevania - Harmony Of Dissonance [E].sav
2025-03-09T01:40:21	1741480821	53894	f6ffdb876f9eb8a9bbd01d47cea727b1	saves/gba/Castlevania - Harmony Of Dissonance [E]a.sgm
2025-03-09T01:40:22	1741480822	32768	dda3f0717dc658cd26f6879d9379a21a	saves/gba/Castlevania - Harmony of Dissonance (Europe).sav
2014-10-03T02:01:32	1412294492	512	efc12cc1ab6e25ee1c0a8efefa34159e	saves/gba/Crash Bandicoot - Fusion [E].sav
2014-10-03T02:01:32	1412294492	512	efc12cc1ab6e25ee1c0a8efefa34159e	saves/gba/Crash Bandicoot Fusion (Europe) (En,Fr,De,Es,It).sav
2014-10-28T21:49:24	1414529364	65536	a4e8b66676fb437c94bc015df79d4127	saves/gba/DK - King of Swing (Europe) (En,Fr,De,Es,It).sav
2014-10-28T21:43:22	1414529002	512	7bf4c7682777f9999bef120f847ac020	saves/gba/Digimon - Battle Spirit (Europe) (En,Fr,De,Es,It).sav
2014-10-28T21:43:22	1414529002	512	7bf4c7682777f9999bef120f847ac020	saves/gba/Digimon - Battle Spirit [E].sav
2014-10-28T21:49:23	1414529363	65536	a4e8b66676fb437c94bc015df79d4127	saves/gba/Donkey Kong - King of Swing [E].sav
2025-04-05T17:26:58	1743866818	32768	3df7b33399422731e8e5615785c0536d	saves/gba/Megaman Zero 1 [E].sav
2025-04-05T17:26:57	1743866817	62861	c16e14429be74b135e83b229729d2d60	saves/gba/Megaman Zero 1 [E]a.sgm
2025-04-06T02:14:54	1743898494	32768	254f2ae51569aeb6da6b4e45ca3d5297	saves/gba/Metroid Fusion (Europe) (En,Fr,De,Es,It).sav
2025-04-06T02:14:54	1743898494	32768	254f2ae51569aeb6da6b4e45ca3d5297	saves/gba/Metroid Fusion [E].sav
2025-04-06T02:14:54	1743898494	43143	4c33148be96d61fcfa7575889f1b447f	saves/gba/Metroid Fusion [E]a.sgm
2025-02-23T18:48:00	1740332880	131072	41d2e2c0c0edfccf76fa1c3e38bc1cf2	saves/gba/Pokemon - Edicion Esmeralda (Spain).sav
2025-02-26T23:33:34	1740609214	131072	41d2e2c0c0edfccf76fa1c3e38bc1cf2	saves/gba/Pokemon - Edicion Rojo Fuego (Spain).sav
2025-02-26T23:33:32	1740609212	19051	71a8809461df03acfcfb515e1ffd22fc	saves/gba/Pokemon - Edicion Rojo Fuego (Spain)a.sgm
2025-02-26T23:33:32	1740609212	131072	41d2e2c0c0edfccf76fa1c3e38bc1cf2	saves/gba/Pokemon - Edicion Rojo Fuego.sav
2025-02-26T21:08:26	1740600506	131072	41d2e2c0c0edfccf76fa1c3e38bc1cf2	saves/gba/Pokemon - Edicion Verde Hoja (Spain).sav
2025-02-23T18:47:59	1740332879	131072	41d2e2c0c0edfccf76fa1c3e38bc1cf2	saves/gba/Pokemon Esmeralda [E].sav
2025-02-23T18:47:52	1740332872	28765	55504fc3b420652d3898ca8dd82ae127	saves/gba/Pokemon Esmeralda [E]0.sgm
2025-02-23T18:47:59	1740332879	26485	192fc775698bde3ebe9143ed3e013acc	saves/gba/Pokemon Esmeralda [E]a.sgm
2014-09-12T21:24:03	1410549843	65536	b9236736fcd423c01f9c3f63e98583fc	saves/gba/Pokemon Mundo misterioso [E].sav
2014-09-12T21:24:04	1410549844	65536	b9236736fcd423c01f9c3f63e98583fc	saves/gba/Pokemon Mystery Dungeon - Red Rescue Team (Europe) (En,Fr,De,Es,It).sav
2025-03-01T01:49:52	1740790192	32768	60049de99afbb7c992e376faf3874b7d	saves/gba/Pokemon Pinball - Ruby & Sapphire (Europe) (En,Fr,De,Es,It).sav
2025-03-01T01:49:52	1740790192	32768	60049de99afbb7c992e376faf3874b7d	saves/gba/Pokemon Pinball RZ [E].sav
2025-03-01T01:49:34	1740790174	58442	769b1972fb9398430c79b037b0ada1ab	saves/gba/Pokemon Pinball RZ [E]0.sgm
2025-03-01T01:49:52	1740790192	53642	a85a594cb79f6ee7e086536f6c4a357f	saves/gba/Pokemon Pinball RZ [E]a.sgm
2025-06-05T20:11:21	1749147081	65536	fcd6bcb56c1689fcef28b57c22475bad	saves/gba/Pokémon Rojo fuego [E].sav
2014-09-16T00:21:40	1410819700	62745	ce97471f5db757a2cef72eef18e618d8	saves/gba/Pokémon Rojo fuego [E].sgm
2025-03-04T02:40:31	1741052431	45466	e700c5490e9ae6d51705dd21fd29b494	saves/gba/Pokémon Rojo fuego [E]0.sgm
2025-06-05T20:11:21	1749147081	906	17d38406db1fe8b68448b99c05c9e1ef	saves/gba/Pokémon Rojo fuego [E]a.sgm
2025-02-26T21:08:25	1740600505	131072	41d2e2c0c0edfccf76fa1c3e38bc1cf2	saves/gba/Pokémon Verde hoja [E].sav
2025-02-26T21:08:25	1740600505	19401	86fbf2913f9c178d4878975cc80b3e11	saves/gba/Pokémon Verde hoja [E]a.sgm
2025-03-09T01:29:34	1741480174	903	087a760c92bb453ff2037e0f136570ec	saves/gba/states/Advance Wars 2 [E]a.sgm
2025-03-09T02:02:28	1741482148	41487	0ba9f3995def32cf7e6063397711613e	saves/gba/states/Beyblade G-Revolution [E]a.sgm
2025-03-09T01:33:39	1741480419	23744	f2a9442942b0f92cd37b74b1cdfbe784	saves/gba/states/Bruce Lee - Return Of The Legend [E]a.sgm
2025-03-09T01:40:21	1741480821	53894	f6ffdb876f9eb8a9bbd01d47cea727b1	saves/gba/states/Castlevania - Harmony Of Dissonance [E]a.sgm
2025-04-05T17:26:57	1743866817	62861	c16e14429be74b135e83b229729d2d60	saves/gba/states/Megaman Zero 1 [E]a.sgm
2025-04-06T02:14:54	1743898494	43143	4c33148be96d61fcfa7575889f1b447f	saves/gba/states/Metroid Fusion [E]a.sgm
2025-02-26T23:33:32	1740609212	19051	71a8809461df03acfcfb515e1ffd22fc	saves/gba/states/Pokemon - Edicion Rojo Fuego (Spain)a.sgm
2025-02-23T18:47:52	1740332872	28765	55504fc3b420652d3898ca8dd82ae127	saves/gba/states/Pokemon Esmeralda [E]0.sgm
2025-02-23T18:47:59	1740332879	26485	192fc775698bde3ebe9143ed3e013acc	saves/gba/states/Pokemon Esmeralda [E]a.sgm
2025-03-01T01:49:34	1740790174	58442	769b1972fb9398430c79b037b0ada1ab	saves/gba/states/Pokemon Pinball RZ [E]0.sgm
2025-03-01T01:49:52	1740790192	53642	a85a594cb79f6ee7e086536f6c4a357f	saves/gba/states/Pokemon Pinball RZ [E]a.sgm
2014-09-16T00:21:40	1410819700	62745	ce97471f5db757a2cef72eef18e618d8	saves/gba/states/Pokémon Rojo fuego [E].sgm
2025-03-04T02:40:31	1741052431	45466	e700c5490e9ae6d51705dd21fd29b494	saves/gba/states/Pokémon Rojo fuego [E]0.sgm
2025-06-05T20:11:21	1749147081	906	17d38406db1fe8b68448b99c05c9e1ef	saves/gba/states/Pokémon Rojo fuego [E]a.sgm
2025-02-26T21:08:25	1740600505	19401	86fbf2913f9c178d4878975cc80b3e11	saves/gba/states/Pokémon Verde hoja [E]a.sgm
2025-07-08T23:21:36	1752009696	32768	f484f414725df62de25266f49609f831	saves/mGBA/Metroid - Zero Mission [E].srm
2025-06-03T01:25:06	1748906706	131072	41d2e2c0c0edfccf76fa1c3e38bc1cf2	saves/mGBA/Pokémon Rojo fuego [E].srm
2026-03-11T09:58:32	1773219512	128	190c6f1d75bd77452f2caf0199f624f1	saves/mame/agallet_europe.nv
2026-03-11T09:59:38	1773219578	128	787de9329d8557107b916b3c892e727f	saves/mame/avengrgs.nv
2026-03-11T10:01:04	1773219664	128	7641d104caf82d4c3cb138085ae1c682	saves/mame/bubblem.nv
2026-03-11T10:01:12	1773219672	128	73796662e1667cff9454d652cf16bf16	saves/mame/bucky.nv
2026-03-11T10:03:38	1773219818	131072	a4680e5954acf7666f9125e68dd9f89d	saves/mame/ddp3_defaults.nv
2026-03-11T10:06:30	1773219990	128	763105906c8b360f03b8c331fe01370a	saves/mame/fixeight.nv
2026-03-11T10:07:08	1773220028	128	7a50d9f364b59aaa8f6b5b4b13198d06	saves/mame/gaiapols.nv
2026-03-11T10:10:14	1773220214	128	f2191e2d422d07f3caf4bcf91a400b07	saves/mame/hedpanic.nv
2026-03-11T10:10:24	1773220224	128	e08880136b4a7b5f77f7b46401116b53	saves/mame/hoops.nv
2026-03-11T10:13:50	1773220430	128	c436c92df1866269895f46d1e5e3563b	saves/mame/lethalenue.nv
2026-03-11T10:15:42	1773220542	128	e4865147d449b550fdec5e85804d8a1a	saves/mame/mmaulers.nv
2026-03-11T10:15:46	1773220546	128	19c7001b87ae13424a74902c70eb9e01	saves/mame/moomesa.nv
2026-03-11T10:16:40	1773220600	128	702849329f23c68fa0b5686c4d122b97	saves/mame/mtlchamp.nv
2026-03-11T10:17:20	1773220640	128	add7c8822e98bff586f92b23d204446d	saves/mame/mystwarr.nv
2026-03-11T10:23:32	1773221012	128	e413d454fde48fdec086f2b737966d4e	saves/mame/sailormn_europe.nv
2026-03-11T10:26:36	1773221196	128	89432e6247f6ab05cdbbfec2da6861f2	saves/mame/simpsons2p.nv
2026-03-11T10:28:08	1773221288	128	169f1a72bf8892e8ef546ec21adc3686	saves/mame/ssriders_abd.nv
2026-03-11T10:28:36	1773221316	256	9b96866fb3f5581548be9ec9f8b1fb13	saves/mame/tgm2.default.nv
2026-03-11T10:28:48	1773221328	128	bbde81edcedb811223c3a39703bf1b46	saves/mame/thndrx2.nv
2026-03-11T10:29:24	1773221364	128	f3c67f9bdcdcb429ffd49d2e90f652b4	saves/mame/tmnt2_uaa.nv
2026-03-11T10:29:26	1773221366	128	c541819bd3f2935b234ecbafcc082a4c	saves/mame/tmnt2_uda.nv
2026-03-11T10:31:26	1773221486	128	89432e6247f6ab05cdbbfec2da6861f2	saves/mame/vendetta.nv
2026-03-11T10:32:00	1773221520	128	c0c88a769e5200116037d96820dfc825	saves/mame/viostorm.nv
2026-03-11T10:33:42	1773221622	128	851db39dfd5f80c9cba6d9f0bb3a7389	saves/mame/xmen_eba.nv
2025-05-31T12:47:40	1748688460	8336	d9cf3f05b3428aa948f52bfaa77206f1	saves/mame2003/cfg/default.cfg
2025-04-17T01:24:54	1744845894	1456	3666c88cbdf8cafae7501c576f65c577	saves/mame2003/cfg/dkong3.cfg
2025-05-20T01:53:01	1747698781	2128	c6e1a45de763a8fc0379ec45d15faf00	saves/mame2003/cfg/kbash.cfg
2025-05-31T12:47:40	1748688460	2272	428c435ed50592e7558740903c9660c6	saves/mame2003/cfg/mk3.cfg
2025-05-15T23:42:05	1747345325	2300	27784701553cdc345e5addabc50c29a9	saves/mame2003/cfg/nemesis.cfg
2025-05-15T23:43:19	1747345399	968	cde40c42d9c1bb3c082ba43824f4bb26	saves/mame2003/cfg/pang3.cfg
2025-04-17T01:24:54	1744845894	241	f4f64e6790dc8eb9555e960c84f918f0	saves/mame2003/hi/dkong3.hi
2025-05-20T01:52:55	1747698775	60	9d0334c927606ed2148cdae96f7698ee	saves/mame2003/hi/kbash.hi
2025-05-15T23:42:05	1747345325	146	320eeee24f40f53bc84fa6c11418ed96	saves/mame2003/hi/nemesis.hi
2025-05-15T23:43:19	1747345399	140	eb3aad2400d839adca4a96276831a984	saves/mame2003/hi/pang3.hi
2025-05-31T12:47:40	1748688460	49152	6e7a0eb96edf125eaae075f3474c0e5c	saves/mame2003/nvram/mk3.nv
2025-05-15T23:43:19	1747345399	128	767186ce2b10778f2fd0f6bdb6a80804	saves/mame2003/nvram/pang3.nv
2025-03-17T01:17:49	1742170669	19400449	50e56d5ce26dad0a97c4990013b2275c	saves/nds/1492 - Donkey Kong - Jungle Climber (E)(XenoPhobia).ml1
2025-03-17T01:18:02	1742170682	262144	a1a64d6c78b160be1bea2266b013e43f	saves/nds/1492 - Donkey Kong - Jungle Climber (E)(XenoPhobia).sav
2025-02-22T17:48:44	1740242924	65536	ba6f7f42f11d5cdf90747aba89ff2f9e	saves/nds/4186 - Kirby Super Star Ultra (EU)(M5)(BAHAMUT).sav
2025-03-11T23:53:30	1741733610	0	d41d8cd98f00b204e9800998ecf8427e	saves/nds/4832 - Pokemon - Edicion Oro HeartGold (S).sav
2025-10-11T16:41:08	1760193668	262144	80c8416176b770dbfdc947e3c2a427da	saves/nds/Advance Wars - Days of Ruin (USA) (En,Fr,Es).sav
2025-05-21T00:04:53	1747778693	8192	2719b2fa8b81afeed7cb93f5609ee513	saves/nds/Avatar  The Last Airbender (USA).sav
2025-05-21T00:04:54	1747778694	8192	2719b2fa8b81afeed7cb93f5609ee513	saves/nds/Avatar - The Last Airbender (USA).sav
2025-04-05T13:27:42	1743852462	19127229	481edf8a8d53f37db53f4269b3f3931a	saves/nds/Castlevania - Dawn of Sorrow (En,Fr,De,Es,It).ml1
2025-06-01T22:23:10	1748809390	8192	0bbf09b7bab956015ad90cd98d994b7a	saves/nds/Castlevania - Dawn of Sorrow (En,Fr,De,Es,It).sav
2025-04-05T13:27:42	1743852462	19127229	481edf8a8d53f37db53f4269b3f3931a	saves/nds/Castlevania - Dawn of Sorrow (Europe) (En,Fr,De,Es,It).ml1
2025-06-01T22:23:10	1748809390	8192	0bbf09b7bab956015ad90cd98d994b7a	saves/nds/Castlevania - Dawn of Sorrow (Europe) (En,Fr,De,Es,It).sav
2025-10-22T00:39:54	1761086394	65536	44421f2b6275d9721bedc8e10e10b1bd	saves/nds/Castlevania - Portrait of Ruin (Europe) (En,Fr,De,Es,It).sav
2025-03-17T01:17:50	1742170670	19400449	50e56d5ce26dad0a97c4990013b2275c	saves/nds/Donkey Kong - Jungle Climber (Europe) (En,Fr,De,Es,It).ml1
2025-03-17T01:18:02	1742170682	262144	a1a64d6c78b160be1bea2266b013e43f	saves/nds/Donkey Kong - Jungle Climber (Europe) (En,Fr,De,Es,It).sav
2025-10-09T01:21:14	1759965674	0	d41d8cd98f00b204e9800998ecf8427e	saves/nds/Dragon Ball - Origins (Europe) (En,Fr,De,Es,It).sav
2025-06-01T22:22:28	1748809348	8192	3dc05fa3ae15055181686655d05d484f	saves/nds/Dragon Ball Z - Attack of the Saiyans (Europe) (En,Fr,De,Es,It).sav
2025-06-01T22:22:27	1748809347	8192	3dc05fa3ae15055181686655d05d484f	saves/nds/Dragon Ball Z Attack of the Saiyans.sav
2025-10-09T00:19:54	1759961994	0	d41d8cd98f00b204e9800998ecf8427e	saves/nds/Ghost Trick - Phantom Detective (Europe) (En,Fr,De,Es,It)_apfix.sav
2025-05-16T00:35:30	1747348530	0	d41d8cd98f00b204e9800998ecf8427e	saves/nds/GoldenEye  Au Service du Mal (France).sav
2025-05-16T00:35:30	1747348530	0	d41d8cd98f00b204e9800998ecf8427e	saves/nds/GoldenEye - Au Service du Mal (France).sav
2025-06-01T22:21:06	1748809266	8192	66ddc6191576f9c587c60c5742e804e1	saves/nds/Kirby - Mouse Attack (Europe) (En,Fr,De,Es,It).sav
2025-10-22T00:46:42	1761086802	8192	1d0f925911531ba6b37f88ff4218cf98	saves/nds/Kirby - Power Paintbrush (Europe) (En,Fr,De,Es,It).sav
2025-10-09T00:20:26	1759962026	262144	9d7010f673556147dd942e21f4163085	saves/nds/Kirby Mass Attack (Europe) (En,Fr,De,Es,It)_apfix.sav
2025-10-22T00:46:22	1761086782	262144	9d7010f673556147dd942e21f4163085	saves/nds/Kirby Mass Attack (USA) (En,Fr,Es) (Wii U Virtual Console).sav
2025-10-09T00:43:18	1759963398	65536	579ca6d925832840418aa9cc4693e2e2	saves/nds/Kirby Super Star Ultra (Europe) (En,Fr,De,Es,It).sav
2025-10-09T00:43:30	1759963410	8192	6f36682c5c3837b9b4110c517b274992	saves/nds/Kirby-Mouse Attack.sav
2013-12-25T00:45:28	1387928728	524288	d733cf65a65233db01c853d7e94b3957	saves/nds/Mario & Luigi Compañeros En El Tiempo.sav
2009-11-07T14:29:58	1257600598	524288	07a6cc13c0f89bbfec74228fbd8310d3	saves/nds/Mario & Luigi Viaje Al Centro De Bowser.sav
2025-06-01T22:20:16	1748809216	524288	9b41d59199f850de4dcd0ab47363a265	saves/nds/Mario vs. Donkey Kong-Mini-Land Mayhem.sav
2020-08-25T00:40:24	1598308824	524288	0c2efca06db7adcc82e1c5ab4c53d2cb	saves/nds/Mega Man - Zero Collection.nds.sav
2025-10-09T00:44:38	1759963478	0	d41d8cd98f00b204e9800998ecf8427e	saves/nds/Nintendogs - Best Friends (USA).sav
2025-06-01T22:18:36	1748809116	8192	16ae1cf12a1f2c52c8835c10ee5cb0fe	saves/nds/Plants vs. Zombies (World) (XBLA).sav
2025-06-01T22:18:35	1748809115	8192	16ae1cf12a1f2c52c8835c10ee5cb0fe	saves/nds/Plants vs. Zombies.sav
2025-04-19T19:13:20	1745082800	19990666	0a922bb34baf2bc3c5e80c22b7364dec	saves/nds/Pokemon - Edicion Plata SoulSilver (Spain).ml1
2025-07-24T01:39:56	1753313996	524288	f1e647fac5c38db5c2aaa6c961efd2d1	saves/nds/Pokemon - Edicion Plata SoulSilver (Spain).sav
2025-04-19T19:13:20	1745082800	19990666	0a922bb34baf2bc3c5e80c22b7364dec	saves/nds/Pokemon - Edicion Plata SoulSilver.ml1
2025-07-24T01:39:56	1753313996	524288	f1e647fac5c38db5c2aaa6c961efd2d1	saves/nds/Pokemon - Edicion Plata SoulSilver.sav
2025-08-02T01:01:42	1754089302	19461833	9929c79afd245da560da41be483e1657	saves/nds/Pokemon Conquest (Europe) (NDSi Enhanced).ml1
2025-08-02T01:01:30	1754089290	262144	c208253686b773d58b63811332bc2dd5	saves/nds/Pokemon Conquest (Europe) (NDSi Enhanced).sav
2025-03-22T23:56:38	1742684198	19461833	bf45fe6ce86356c5d9f0036262ce6273	saves/nds/Pokemon Conquest (NDSi Enhanced).ml1
2025-05-31T13:41:24	1748691684	262144	73f53af176022fd5f091f5861d60b4c7	saves/nds/Pokemon Conquest (NDSi Enhanced).sav
2025-04-19T19:13:28	1745082808	0	d41d8cd98f00b204e9800998ecf8427e	saves/nds/Pokemon Mystery Dungeon - Explorers of Darkness (Europe) (En,Fr,De,Es,It).sav
2025-04-19T19:13:28	1745082808	0	d41d8cd98f00b204e9800998ecf8427e	saves/nds/Pokémon Mundo Misterioso - Exploradores de la oscuridad.sav
2025-05-14T00:26:22	1747175182	512	840f1eabced57bf731fdd3ef59162973	saves/nds/Rainbow Islands Revolution (USA).sav
2025-05-14T00:26:22	1747175182	512	840f1eabced57bf731fdd3ef59162973	saves/nds/Rainbow Islands Revolution.sav
2025-05-14T00:27:10	1747175230	0	d41d8cd98f00b204e9800998ecf8427e	saves/nds/Robots (En,Fr,De,Es,It).sav
2025-05-14T00:27:12	1747175232	0	d41d8cd98f00b204e9800998ecf8427e	saves/nds/Robots (Europe) (En,Fr,De,Es,It).sav
2025-06-29T14:40:34	1751200834	65536	939e40b3727fa567c57a66b3368b62eb	saves/nds/Sonic Colors (USA) (En,Ja,Fr,De,Es,It).sav
2025-06-29T14:40:34	1751200834	65536	939e40b3727fa567c57a66b3368b62eb	saves/nds/Sonic Colors.sav
2025-04-17T23:39:07	1744925947	8192	257869cf8de52ef001373f686c51abc3	saves/nds/Sonic Rush (USA) (En,Ja,Fr,De,Es,It) (1).sav
2025-04-17T23:39:08	1744925948	8192	257869cf8de52ef001373f686c51abc3	saves/nds/Sonic Rush (USA) (En,Ja,Fr,De,Es,It).sav
2025-06-29T14:02:52	1751198572	8192	4151dd17e6075ab72515bdbb6c31688b	saves/nds/Super Mario 64 DS (Europe) (En,Fr,De,Es,It).sav
2025-06-29T14:02:51	1751198571	8192	4151dd17e6075ab72515bdbb6c31688b	saves/nds/Super Mario 64 Ds.sav
2025-10-09T00:23:04	1759962184	0	d41d8cd98f00b204e9800998ecf8427e	saves/nds/Super Monkey Ball - Touch & Roll (USA) (En,Fr,De,Es,It).sav
2025-05-29T23:48:42	1748555322	0	d41d8cd98f00b204e9800998ecf8427e	saves/nds/The World Ends With You.sav
2025-04-19T12:35:02	1745058902	19127229	2207c56e0eef3e3cc192018da1ad35b2	saves/nds/Trace Memory (USA).ml1
2025-04-17T23:50:40	1744926640	0	d41d8cd98f00b204e9800998ecf8427e	saves/nds/Trace Memory (USA).sav
2025-04-19T12:35:02	1745058902	19127229	2207c56e0eef3e3cc192018da1ad35b2	saves/nds/Trace Memory.ml1
2025-04-17T23:50:40	1744926640	0	d41d8cd98f00b204e9800998ecf8427e	saves/nds/Trace Memory.sav
2025-10-09T00:23:32	1759962212	8192	c116c245ab2ec30c6262b42826169f9d	saves/nds/Yu-Gi-Oh! - Nightmare Troubadour (USA).sav
2025-03-17T01:17:49	1742170669	19400449	50e56d5ce26dad0a97c4990013b2275c	saves/nds/states/1492 - Donkey Kong - Jungle Climber (E)(XenoPhobia).ml1
2025-04-05T13:27:42	1743852462	19127229	481edf8a8d53f37db53f4269b3f3931a	saves/nds/states/Castlevania - Dawn of Sorrow (En,Fr,De,Es,It).ml1
2025-04-05T13:27:42	1743852462	19127229	481edf8a8d53f37db53f4269b3f3931a	saves/nds/states/Castlevania - Dawn of Sorrow (Europe) (En,Fr,De,Es,It).ml1
2025-03-17T01:17:50	1742170670	19400449	50e56d5ce26dad0a97c4990013b2275c	saves/nds/states/Donkey Kong - Jungle Climber (Europe) (En,Fr,De,Es,It).ml1
2025-04-19T19:13:20	1745082800	19990666	0a922bb34baf2bc3c5e80c22b7364dec	saves/nds/states/Pokemon - Edicion Plata SoulSilver (Spain).ml1
2025-04-19T19:13:20	1745082800	19990666	0a922bb34baf2bc3c5e80c22b7364dec	saves/nds/states/Pokemon - Edicion Plata SoulSilver.ml1
2025-08-02T01:01:42	1754089302	19461833	9929c79afd245da560da41be483e1657	saves/nds/states/Pokemon Conquest (Europe) (NDSi Enhanced).ml1
2025-03-22T23:56:38	1742684198	19461833	bf45fe6ce86356c5d9f0036262ce6273	saves/nds/states/Pokemon Conquest (NDSi Enhanced).ml1
2025-04-19T12:35:02	1745058902	19127229	2207c56e0eef3e3cc192018da1ad35b2	saves/nds/states/Trace Memory (USA).ml1
2025-04-19T12:35:02	1745058902	19127229	2207c56e0eef3e3cc192018da1ad35b2	saves/nds/states/Trace Memory.ml1
1996-12-24T23:32:00	851466720	8192	dce27edb434d238613f928daa5c50632	saves/nes/Kid Dracula (World) (Castlevania Anniversary Collection).sav
2025-11-21T23:48:40	1763765320	8650752	c229c932d6c18d87303c3ed5f7aebc8d	saves/ps2/Mcd001.ps2
2025-11-21T23:48:40	1763765320	8650752	8f72eca77967b293190cb3d558e027e2	saves/ps2/Mcd002.ps2
2019-04-11T10:33:20	1554971600	131072	ed9bb1b7ffe9fb65a4264afbb935899f	saves/psx/Capcom vs. SNK - Millennium Fight 2000 Pro (Japan).srm
2019-04-11T10:33:20	1554971600	131072	ed9bb1b7ffe9fb65a4264afbb935899f	saves/psx/Capcom vs. SNK - Millennium Fight 2000 Pro.srm
2019-04-11T12:38:20	1554979100	131072	d8f29ffd55cb1e4f77987a1e07472d66	saves/psx/MegaMan 8.srm
2024-09-02T04:17:28	1725243448	131072	0f57c483c0e88adb8554355a27f0229e	saves/psx/Metal Gear Solid (USA) (Disc 1) (v1.0).srm
2024-09-02T04:17:28	1725243448	131072	0f57c483c0e88adb8554355a27f0229e	saves/psx/Metal Gear Solid (USA) (Disc 1).srm
2024-09-02T04:17:28	1725243448	131072	0f57c483c0e88adb8554355a27f0229e	saves/psx/Metal Gear Solid (World) (4B4E083C) (Addon).srm
2025-05-20T00:53:48	1747695228	8192	55d11bff756849ea20d402c0eba16d17	saves/snes/Earthbound (1).srm
2025-05-20T00:53:48	1747695228	8192	55d11bff756849ea20d402c0eba16d17	saves/snes/Earthbound (World) (Virtual Console) (New 3DS).srm
2025-05-20T01:10:16	1747696216	8192	9b0ff6ceba595b37fe50bf934b2662b5	saves/snes/Earthbound.srm
2025-06-01T17:48:31	1748792911	51	e6b57a0f0ecc1061ee7c63b93f2f59cb	saves/steam_autocloud.vdf
2025-07-08T23:14:54	1752009294	122	53ad048df94ff898ed11e2c92191779d	states/.stfolder/syncthing-folder-b13e63.txt
2025-03-06T23:42:08	1741300928	16006513	1af16bd85006c96b4856fa822896d1e6	states/.stversions/LRPS2/.stversions/SLES-52822 (105CC366).01.p2s~20250709-185551~20250723-194115.backup
2025-07-09T00:11:39	1752012699	122	ca039b0aaaac2085219ea13f60371095	states/Beetle PSX/.stfolder/syncthing-folder-c5aa6f.txt
2025-05-20T23:36:03	1747776963	207637	074664ab09499a16632695b70aa31aa6	states/Beetle PSX/SCES-00061_resume.sav
2025-04-05T16:54:43	1743864883	444736	35a8712f5bff1023786446577bbf1bb3	states/Beetle PSX/SCES-00743_resume.sav
2025-04-05T18:01:35	1743868895	192122	36f1f8020b80d7ee7329c110deaf230d	states/Beetle PSX/SCES-00900_resume.sav
2025-02-24T01:31:18	1740357078	1620538	c361d9d5e4cdab3529a80a3e0d020811	states/Beetle PSX/SCES-00967_resume.sav
2025-04-05T16:18:13	1743862693	1683786	2ab40a16d5a01a67e4e14beb67011393	states/Beetle PSX/SCES-01000_1.sav
2025-04-05T16:18:15	1743862695	1677092	055476660dff0ed0d155bdcc86c1146b	states/Beetle PSX/SCES-01000_resume.sav
2025-02-24T01:36:31	1740357391	1652538	c3e89d35dcaee75a62ff8f1245c59f3c	states/Beetle PSX/SCES-01050_resume.sav
2025-04-12T02:35:34	1744418134	2139370	41b5b0341e1ffe59e83cf4a3bf16cb03	states/Beetle PSX/SCES-01237_1.sav
2025-05-20T23:37:10	1747777030	1004749	3336c0590d86c56a010306d4c42ac0ee	states/Beetle PSX/SCES-01237_resume.sav
2025-04-05T17:30:18	1743867018	20641	933038c6861d040e76116751f2288070	states/Beetle PSX/SCES-01331_resume.sav
2025-05-20T23:35:37	1747776937	1131955	0156e6320451de61b7ed171dee89a322	states/Beetle PSX/SCES-01420_resume.sav
2025-02-26T20:56:58	1740599818	2105019	d9eb3bf0c634fdabc4b56fbdf43908aa	states/Beetle PSX/SCES-02105_0.sav
2025-04-05T17:33:35	1743867215	983982	c422907f63babfdc36bf61aa82212c24	states/Beetle PSX/SCES-02105_resume.sav
2025-04-05T17:32:38	1743867158	1361448	31ce43a2a98df0a88df69c50f576591e	states/Beetle PSX/SCES-02545_resume.sav
2025-04-05T14:11:52	1743855112	1373924	66ee9d5ea26719759d03475ac0bfd1a3	states/Beetle PSX/SCES-02834_1.sav
2025-05-20T23:35:16	1747776916	747463	76253e0f4b2aaee2dab25f22fa86503c	states/Beetle PSX/SCES-02834_resume.sav
2025-03-01T01:36:49	1740789409	423362	8e3454f34da03cc3a2eca926d059ee24	states/Beetle PSX/SCES-20900_resume.sav
2025-06-02T17:28:17	1748878097	1562067	06d14b9814bbe93031daa53b1763a078	states/Beetle PSX/SCUS-94154_resume.sav
2025-04-05T17:30:08	1743867008	827795	de09b20088fb963f671fa20cca1ea8cb	states/Beetle PSX/SLES-00043_resume.sav
2025-05-20T23:37:48	1747777068	20932	a0e26a17f83fffb3a6051d9ec46831d3	states/Beetle PSX/SLES-00200_resume.sav
2025-03-03T02:22:02	1740964922	426910	ee24025838e9f5eda7861f7c1b51e0bd	states/Beetle PSX/SLES-00251_resume.sav
2025-04-28T19:25:38	1745861138	1451900	043a3ca2289d8f924fe79bec1d1654c0	states/Beetle PSX/SLES-00526_resume.sav
2025-02-24T01:37:54	1740357474	1109656	0bd798306b5f1ca2979079a250e98b29	states/Beetle PSX/SLES-00766_resume.sav
2025-05-20T23:37:41	1747777061	339750	6c03900bc96f08feb25aeee81ec6e511	states/Beetle PSX/SLES-00972_resume.sav
2025-04-05T16:56:36	1743864996	1730354	6253eef4d826938d5315fec1ffa62977	states/Beetle PSX/SLES-01554_resume.sav
2025-05-20T23:38:20	1747777100	85331	aa4ba1bd30e81ada37f224cc9558a4ea	states/Beetle PSX/SLES-01734_resume.sav
2025-04-05T18:00:27	1743868827	421383	479dcef3849775d58eb9d38ca65059b3	states/Beetle PSX/SLES-01863_resume.sav
2025-05-20T23:36:26	1747776986	414139	87526787626862b0b879b41115bbc410	states/Beetle PSX/SLES-02055_resume.sav
2025-03-01T01:36:57	1740789417	304610	6c203bf422820d9e306a68498f69dfd7	states/Beetle PSX/SLES-02084_resume.sav
2025-03-18T23:52:49	1742338369	426765	b6a2db8fef04c6c77dddf92bc66fd71c	states/Beetle PSX/SLES-02211_resume.sav
2025-05-06T23:46:13	1746567973	28159	5fc1938a2a2a7f81639e1c4393adb2f7	states/Beetle PSX/SLES-02599_resume.sav
2025-02-28T21:32:34	1740774754	1052238	47065fb6e1846938da732a4facdf1f9b	states/Beetle PSX/SLES-02731_resume.sav
2025-02-24T01:38:26	1740357506	369032	b51ab4884978db577246a7dece296249	states/Beetle PSX/SLES-02732_resume.sav
2025-04-05T16:22:09	1743862929	1910794	f98261c7a3c25cdf4e3535ca4efd78ef	states/Beetle PSX/SLES-02890_resume.sav
2025-03-03T02:22:49	1740964969	369495	82d53f4c511985ccaa18bafb637684a3	states/Beetle PSX/SLES-02901_resume.sav
2025-06-04T00:56:30	1748991390	17749	c251016198889cec2d41d87bbbdba60d	states/Beetle PSX/SLES-03285_resume.sav
2025-04-05T16:56:44	1743865004	19238	4c4ad7e7e3e59533abc7a3bb844ccf3a	states/Beetle PSX/SLES-03344_resume.sav
2025-05-20T23:36:08	1747776968	18659	89021b3d9586800ab09b73363d13dc6a	states/Beetle PSX/SLES-03412_resume.sav
2025-04-05T22:40:13	1743885613	18749	c7fdd0b55f015c420b528c049643b458	states/Beetle PSX/SLES-03436_resume.sav
2025-04-05T16:58:37	1743865117	1506528	94b0fec6b300d4ca00e390c2a92e2695	states/Beetle PSX/SLES-03575_resume.sav
2025-02-24T01:32:55	1740357175	1318296	53c97bf3ea754cfad22a6f1d6e3cdbd4	states/Beetle PSX/SLES-03685_resume.sav
2025-02-24T01:34:47	1740357287	1075163	fdeb72d701546350efda6c6e5351d25e	states/Beetle PSX/SLES-03739_resume.sav
2025-04-05T22:40:39	1743885639	402059	55d9367870a5ad36ef62b590e567e7bc	states/Beetle PSX/SLES-03841_resume.sav
2025-02-24T01:30:49	1740357049	1501984	d56e6b9afe2cd5bb4a863fafc5d922a9	states/Beetle PSX/SLES-03889_1.sav
2025-02-24T01:30:52	1740357052	1596483	fc49903ead71f9021f08f8e2b684f030	states/Beetle PSX/SLES-03889_resume.sav
2025-06-04T00:56:23	1748991383	1400045	af43d1ba876460708d92e0f33a196b92	states/Beetle PSX/SLUS-00067_resume.sav
2025-04-17T01:30:06	1744846206	1631855	13fa834ff9b7b9c27698485c1a6aeaff	states/Beetle PSX/SLUS-00662_1.sav
2025-03-31T00:09:34	1743372574	1761897	98a4356b683aeebafb4debee84fcd4a6	states/Beetle PSX/SLUS-00662_2.sav
2025-03-31T00:13:15	1743372795	1731487	66f223d1a7e80cee205f9f3d1cc9bd7c	states/Beetle PSX/SLUS-00662_3.sav
2025-05-18T23:29:58	1747603798	20734	4fce2aaaf9d1e1ec041b1ff33d352970	states/Beetle PSX/SLUS-00662_resume.sav
2025-05-18T23:22:05	1747603325	1756721	5494332216b09755245d0b7899850340	states/Beetle PSX/SLUS-00668_1.sav
2025-06-03T23:21:35	1748985695	1498017	805994e97a7e2d577a2aa36f623677e5	states/Beetle PSX/SLUS-00707_resume.sav
2025-06-03T00:34:48	1748903688	1360366	3f3a52a58034e14eeebfc2835bf3d9a3	states/Beetle PSX/SLUS-00771_resume.sav
2025-06-03T00:10:03	1748902203	1732560	6c6186918e2725b0c22972fe6894faba	states/Beetle PSX/SLUS-00809_resume.sav
2025-05-21T00:43:39	1747781019	4564	4a74d33c315d06a766cc90267db39b66	states/FCEUmm/Earthbound Zero (Ingles).state
2025-07-09T00:15:17	1752012917	122	256c89e176eca5ce8b5348cee5ab73c0	states/LRPS2/.stfolder/syncthing-folder-2115f0.txt
2025-06-05T00:59:02	1749077942	18066299	fde00f7f5b4c0304156dfe518f83bb8c	states/LRPS2/SCES-53133 (FB0E6D72).02.p2s
2025-04-16T00:02:00	1744754520	11422471	89f24d2d083a281254145c6aaa00d4b6	states/LRPS2/SLES-50386 (3A03D62F).01.p2s
2025-04-05T15:31:41	1743859901	11186827	4155263dcdedef8dac206faf770b4d6c	states/LRPS2/SLES-50386 (3A03D62F).01.p2s.backup
2025-04-15T23:21:34	1744752094	14769487	e01a62ad30d2027179ce06b9339d09a5	states/LRPS2/SLES-51950 (B7CF071A).01.p2s
2025-02-27T00:00:50	1740610850	13812451	b1b38a9509e533f57e6977e49067be53	states/LRPS2/SLES-51950 (B7CF071A).01.p2s.backup
2025-04-16T00:21:58	1744755718	18300089	83f32d8aad33b05dd28af051b7d4d054	states/LRPS2/SLES-52445 (0A5E41A5).01.p2s
2025-04-16T00:04:53	1744754693	18723824	4b556e25cfefe007b02efb139075c90f	states/LRPS2/SLES-52445 (0A5E41A5).01.p2s.backup
2025-02-24T00:19:09	1740352749	8993584	e29319bcf55bbf2e812753cc2f90c3a2	states/LRPS2/SLES-52678 (2429905B).00.p2s
2025-03-19T00:17:47	1742339867	14736260	19b16969e7ebff36e5a52b7533b88a25	states/LRPS2/SLES-52822 (105CC366).01.p2s
2025-03-19T00:17:47	1742339867	14736260	19b16969e7ebff36e5a52b7533b88a25	states/LRPS2/SLES-52822 (105CC366).01.p2s.backup
2025-03-16T23:22:47	1742163767	16038549	80258d29545786f3fd4bd318219c1c01	states/LRPS2/SLES-53777 (6FC40BAA).01.p2s
2025-02-24T00:04:35	1740351875	12777465	47b6ed6e0ac7d76272f18879fd85a533	states/LRPS2/SLPM-65574 (9A9373BC).00.p2s
2025-03-03T23:53:29	1741042409	12513240	e6cc59d9d884ad06c64ba5ba4d95505f	states/LRPS2/SLUS-21678 (428113C2).01.p2s
2025-06-04T01:15:18	1748992518	48418	351b9af6c4442d2cd543dfaf99fd539a	states/Sonic The Hedgehog 2 (World) (Rev B).state
